ticker,week,weekly_close,weekly_return,next_week_return,lag1_return,news_count,fda_mention_count,regulatory_event_flag,week_start
ABBV,2025-12-01/2025-12-07,224.27552795410156,-0.0071146291517878435,-0.0122080230527426,-0.03631285807218987,0.0,0.0,0.0,2025-12-01
ABBV,2025-12-08/2025-12-14,221.53756713867188,-0.0122080230527426,0.015672561552746656,-0.0071146291517878435,0.0,0.0,0.0,2025-12-08
ABBV,2025-12-15/2025-12-21,225.00962829589844,0.015672561552746656,0.013931695495615015,-0.0122080230527426,0.0,0.0,0.0,2025-12-15
ABBV,2025-12-22/2025-12-28,228.14439392089844,0.013931695495615015,-0.0029132529735304002,0.015672561552746656,0.0,0.0,0.0,2025-12-22
ABBV,2025-12-29/2026-01-04,227.4797515869141,-0.0029132529735304002,-0.04025117062099015,0.013931695495615015,0.0,0.0,0.0,2025-12-29
ABBV,2026-01-05/2026-01-11,218.32342529296875,-0.04025117062099015,-0.018199692424764824,-0.0029132529735304002,0.0,0.0,0.0,2026-01-05
ABBV,2026-01-12/2026-01-18,214.3500061035156,-0.018199692424764824,0.022906406641057586,-0.04025117062099015,0.0,0.0,0.0,2026-01-12
ABBV,2026-01-19/2026-01-25,219.2599945068359,0.022906406641057586,0.017102983188677756,-0.018199692424764824,0.0,0.0,0.0,2026-01-19
ABBV,2026-01-26/2026-02-01,223.0099945068359,0.017102983188677756,0.0018833154535253804,0.022906406641057586,0.0,0.0,0.0,2026-01-26
ABBV,2026-02-02/2026-02-08,223.42999267578125,0.0018833154535253804,0.03611872885807732,0.017102983188677756,39.0,0.0,0.0,2026-02-02
ABBV,2026-02-09/2026-02-15,231.5,0.03611872885807732,-0.028898498666981687,0.0018833154535253804,32.0,0.0,0.0,2026-02-09
ABBV,2026-02-16/2026-02-22,224.80999755859375,-0.028898498666981687,0.03233843846542506,0.03611872885807732,26.0,0.0,0.0,2026-02-16
ABBV,2026-02-23/2026-03-01,232.0800018310547,0.03233843846542506,-0.00848845745070792,-0.028898498666981687,43.0,0.0,0.0,2026-02-23
ABBV,2026-03-02/2026-03-08,230.11000061035156,-0.00848845745070792,-0.045326182725241915,0.03233843846542506,12.0,0.0,0.0,2026-03-02
AMGN,2025-12-01/2025-12-07,327.619873046875,-0.04507026868742181,-0.03683050767885976,0.0234638256916766,0.0,0.0,0.0,2025-12-01
AMGN,2025-12-08/2025-12-14,315.553466796875,-0.03683050767885976,0.03033929410053493,-0.04507026868742181,0.0,0.0,0.0,2025-12-08
AMGN,2025-12-15/2025-12-21,325.12713623046875,0.03033929410053493,0.016952784583404545,-0.03683050767885976,0.0,0.0,0.0,2025-12-15
AMGN,2025-12-22/2025-12-28,330.6389465332031,0.016952784583404545,-0.01588914618717807,0.03033929410053493,0.0,0.0,0.0,2025-12-22
AMGN,2025-12-29/2026-01-04,325.3853759765625,-0.01588914618717807,-0.004700330925206275,0.016952784583404545,0.0,0.0,0.0,2025-12-29
AMGN,2026-01-05/2026-01-11,323.85595703125,-0.004700330925206275,0.0132167847455813,-0.01588914618717807,0.0,0.0,0.0,2026-01-05
AMGN,2026-01-12/2026-01-18,328.13629150390625,0.0132167847455813,0.04340066422565436,-0.004700330925206275,0.0,0.0,0.0,2026-01-12
AMGN,2026-01-19/2026-01-25,342.37762451171875,0.04340066422565436,-0.00832487300595508,0.0132167847455813,0.0,0.0,0.0,2026-01-19
AMGN,2026-01-26/2026-02-01,339.5273742675781,-0.00832487300595508,0.12413711651283132,0.04340066422565436,0.0,0.0,0.0,2026-01-26
AMGN,2026-02-02/2026-02-08,381.6753234863281,0.12413711651283132,-0.03271188959998117,-0.00832487300595508,103.0,0.0,0.0,2026-02-02
AMGN,2026-02-09/2026-02-15,369.19000244140625,-0.03271188959998117,0.015059989495452841,0.12413711651283132,29.0,0.0,0.0,2026-02-09
AMGN,2026-02-16/2026-02-22,374.75,0.015059989495452841,0.03578386567607561,-0.03271188959998117,31.0,0.0,0.0,2026-02-16
AMGN,2026-02-23/2026-03-01,388.1600036621094,0.03578386567607561,-0.047995684014445206,0.015059989495452841,21.0,0.0,0.0,2026-02-23
AMGN,2026-03-02/2026-03-08,369.5299987792969,-0.047995684014445206,-0.008984405420902286,0.03578386567607561,13.0,0.0,0.0,2026-03-02
BIIB,2025-12-01/2025-12-07,181.3000030517578,-0.004338477137793451,-0.03971316506920697,0.03873356057003652,0.0,0.0,0.0,2025-12-01
BIIB,2025-12-08/2025-12-14,174.10000610351562,-0.03971316506920697,0.0040206601016774535,-0.004338477137793451,0.0,0.0,0.0,2025-12-08
BIIB,2025-12-15/2025-12-21,174.8000030517578,0.0040206601016774535,0.013043471049721811,-0.03971316506920697,9.0,0.0,0.0,2025-12-15
BIIB,2025-12-22/2025-12-28,177.0800018310547,0.013043471049721811,0.004178933168693222,0.0040206601016774535,8.0,0.0,0.0,2025-12-22
BIIB,2025-12-29/2026-01-04,177.82000732421875,0.004178933168693222,0.055111840002910695,0.013043471049721811,6.0,0.0,0.0,2025-12-29
BIIB,2026-01-05/2026-01-11,187.6199951171875,0.055111840002910695,-0.12365418160122787,0.004178933168693222,17.0,0.0,0.0,2026-01-05
BIIB,2026-01-12/2026-01-18,164.4199981689453,-0.12365418160122787,0.04360782294607479,0.055111840002910695,16.0,0.0,0.0,2026-01-12
BIIB,2026-01-19/2026-01-25,171.58999633789062,0.04360782294607479,0.0483711360154917,-0.12365418160122787,4.0,0.0,0.0,2026-01-19
BIIB,2026-01-26/2026-02-01,179.88999938964844,0.0483711360154917,0.11835006592010644,0.04360782294607479,10.0,0.0,0.0,2026-01-26
BIIB,2026-02-02/2026-02-08,201.17999267578125,0.11835006592010644,-0.02316327951572328,0.0483711360154917,11.0,0.0,0.0,2026-02-02
BIIB,2026-02-09/2026-02-15,196.52000427246097,-0.02316327951572328,-0.02284757477889643,0.11835006592010644,12.0,0.0,0.0,2026-02-09
BIIB,2026-02-16/2026-02-22,192.02999877929688,-0.02284757477889643,-0.0010935346373639465,-0.02316327951572328,20.0,0.0,0.0,2026-02-16
BIIB,2026-02-23/2026-03-01,191.82000732421875,-0.0010935346373639465,-0.036231946312483276,-0.02284757477889643,6.0,0.0,0.0,2026-02-23
BIIB,2026-03-02/2026-03-08,184.8699951171875,-0.036231946312483276,-0.017958523033038243,-0.0010935346373639465,9.0,0.0,0.0,2026-03-02
BMY,2025-12-01/2025-12-07,51.54090881347656,0.05995937662074402,0.004985589668969448,0.06378381436878988,0.0,0.0,0.0,2025-12-01
BMY,2025-12-08/2025-12-14,51.79787063598633,0.004985589668969448,0.033962953642673765,0.05995937662074402,0.0,0.0,0.0,2025-12-08
BMY,2025-12-15/2025-12-21,53.55707931518555,0.033962953642673765,0.008304114335475399,0.004985589668969448,15.0,0.0,0.0,2025-12-15
BMY,2025-12-22/2025-12-28,54.00182342529297,0.008304114335475399,-0.01003344528856287,0.033962953642673765,3.0,0.0,0.0,2025-12-22
BMY,2025-12-29/2026-01-04,53.459999084472656,-0.01003344528856287,0.04489340753797322,0.008304114335475399,6.0,0.0,0.0,2025-12-29
BMY,2026-01-05/2026-01-11,55.86000061035156,0.04489340753797322,-0.0107411794175164,-0.01003344528856287,1.0,0.0,0.0,2026-01-05
BMY,2026-01-12/2026-01-18,55.2599983215332,-0.0107411794175164,-0.011038668371015858,0.04489340753797322,5.0,0.0,0.0,2026-01-12
BMY,2026-01-19/2026-01-25,54.650001525878906,-0.011038668371015858,0.007319262580298913,-0.0107411794175164,3.0,0.0,0.0,2026-01-19
BMY,2026-01-26/2026-02-01,55.04999923706055,0.007319262580298913,0.12606725772185157,-0.011038668371015858,3.0,0.0,0.0,2026-01-26
BMY,2026-02-02/2026-02-08,61.9900016784668,0.12606725772185157,-0.020164542122188878,0.007319262580298913,3.0,0.0,0.0,2026-02-02
BMY,2026-02-09/2026-02-15,60.7400016784668,-0.020164542122188878,-0.0013171193421789296,0.12606725772185157,3.0,0.0,0.0,2026-02-09
BMY,2026-02-16/2026-02-22,60.65999984741211,-0.0013171193421789296,0.028189895957370537,-0.020164542122188878,4.0,0.0,0.0,2026-02-16
BMY,2026-02-23/2026-03-01,62.369998931884766,0.028189895957370537,-0.03334933544938845,-0.0013171193421789296,4.0,0.0,0.0,2026-02-23
BMY,2026-03-02/2026-03-08,60.290000915527344,-0.03334933544938845,-0.020069647803920176,0.028189895957370537,2.0,0.0,0.0,2026-03-02
BSX,2025-12-01/2025-12-07,97.5199966430664,-0.03996854808824246,-0.05065622418028415,0.04851367372918558,0.0,0.0,0.0,2025-12-01
BSX,2025-12-08/2025-12-14,92.58000183105467,-0.05065622418028415,0.032728437236652974,-0.03996854808824246,0.0,0.0,0.0,2025-12-08
BSX,2025-12-15/2025-12-21,95.61000061035156,0.032728437236652974,0.0047065886975161675,-0.05065622418028415,0.0,0.0,0.0,2025-12-15
BSX,2025-12-22/2025-12-28,96.05999755859376,0.0047065886975161675,-0.014053700899769983,0.032728437236652974,1.0,0.0,0.0,2025-12-22
BSX,2025-12-29/2026-01-04,94.70999908447266,-0.014053700899769983,0.03093654665293033,0.0047065886975161675,12.0,0.0,0.0,2025-12-29
BSX,2026-01-05/2026-01-11,97.63999938964844,0.03093654665293033,-0.09801310686856479,-0.014053700899769983,13.0,0.0,0.0,2026-01-05
BSX,2026-01-12/2026-01-18,88.06999969482422,-0.09801310686856479,0.050414470952555135,0.03093654665293033,51.0,0.0,0.0,2026-01-12
BSX,2026-01-19/2026-01-25,92.51000213623048,0.050414470952555135,0.011025798503002227,-0.09801310686856479,19.0,0.0,0.0,2026-01-19
BSX,2026-01-26/2026-02-01,93.52999877929688,0.011025798503002227,-0.18453974512454518,0.050414470952555135,7.0,0.0,0.0,2026-01-26
BSX,2026-02-02/2026-02-08,76.2699966430664,-0.18453974512454518,-0.02019133806101736,0.011025798503002227,17.0,0.0,0.0,2026-02-02
BSX,2026-02-09/2026-02-15,74.7300033569336,-0.02019133806101736,-0.002007246342040858,-0.18453974512454518,24.0,0.0,0.0,2026-02-09
BSX,2026-02-16/2026-02-22,74.58000183105469,-0.002007246342040858,0.03043706874945662,-0.02019133806101736,9.0,0.0,0.0,2026-02-16
BSX,2026-02-23/2026-03-01,76.8499984741211,0.03043706874945662,-0.07156799101111366,-0.002007246342040858,24.0,0.0,0.0,2026-02-23
BSX,2026-03-02/2026-03-08,71.3499984741211,-0.07156799101111366,-0.031114243422280197,0.03043706874945662,11.0,0.0,0.0,2026-03-02
CI,2025-12-01/2025-12-07,263.9857482910156,-0.037322928899125474,0.034885440190698835,-0.002912813338266096,0.0,0.0,0.0,2025-12-01
CI,2025-12-08/2025-12-14,273.19500732421875,0.034885440190698835,-0.010229272522261357,-0.037322928899125474,0.0,0.0,0.0,2025-12-08
CI,2025-12-15/2025-12-21,270.4004211425781,-0.010229272522261357,0.01699207977535311,0.034885440190698835,0.0,0.0,0.0,2025-12-15
CI,2025-12-22/2025-12-28,274.9950866699219,0.01699207977535311,0.009439089099492204,-0.010229272522261357,0.0,0.0,0.0,2025-12-22
CI,2025-12-29/2026-01-04,277.5907897949219,0.009439089099492204,-0.0006090525659637747,0.01699207977535311,0.0,0.0,0.0,2025-12-29
CI,2026-01-05/2026-01-11,277.4217224121094,-0.0006090525659637747,-0.024162111114227947,0.009439089099492204,0.0,0.0,0.0,2026-01-05
CI,2026-01-12/2026-01-18,270.7186279296875,-0.024162111114227947,0.025678882026507255,-0.0006090525659637747,0.0,0.0,0.0,2026-01-12
CI,2026-01-19/2026-01-25,277.6703796386719,0.025678882026507255,-0.018230840153810934,-0.024162111114227947,0.0,0.0,0.0,2026-01-19
CI,2026-01-26/2026-02-01,272.60821533203125,-0.018230840153810934,0.06544826911438784,0.025678882026507255,4.0,0.0,0.0,2026-01-26
CI,2026-02-02/2026-02-08,290.449951171875,0.06544826911438784,-0.0020886866501412804,-0.018230840153810934,31.0,0.0,0.0,2026-02-02
CI,2026-02-09/2026-02-15,289.8432922363281,-0.0020886866501412804,-0.0381897082258279,0.06544826911438784,28.0,0.0,0.0,2026-02-09
CI,2026-02-16/2026-02-22,278.7742614746094,-0.0381897082258279,0.033926791554345304,-0.0020886866501412804,20.0,0.0,0.0,2026-02-16
CI,2026-02-23/2026-03-01,288.232177734375,0.033926791554345304,-0.057599997967133665,-0.0381897082258279,24.0,0.0,0.0,2026-02-23
CI,2026-03-02/2026-03-08,271.6300048828125,-0.057599997967133665,-0.016345773153160215,0.033926791554345304,24.0,0.0,0.0,2026-03-02
CVS,2025-12-01/2025-12-07,75.0128173828125,-0.05886019631296746,0.05011238720596256,0.029860354101887587,0.0,0.0,0.0,2025-12-01
CVS,2025-12-08/2025-12-14,78.77188873291016,0.05011238720596256,-0.021405183195511324,-0.05886019631296746,0.0,0.0,0.0,2025-12-08
CVS,2025-12-15/2025-12-21,77.08576202392578,-0.021405183195511324,0.024318114449189077,0.05011238720596256,6.0,0.0,0.0,2025-12-15
CVS,2025-12-22/2025-12-28,78.96034240722656,0.024318114449189077,0.006531819442310738,-0.021405183195511324,2.0,0.0,0.0,2025-12-22
CVS,2025-12-29/2026-01-04,79.4760971069336,0.006531819442310738,0.0021216095741123375,0.024318114449189077,6.0,0.0,0.0,2025-12-29
CVS,2026-01-05/2026-01-11,79.64471435546875,0.0021216095741123375,-0.021170699801287274,0.006531819442310738,2.0,0.0,0.0,2026-01-05
CVS,2026-01-12/2026-01-18,77.95858001708984,-0.021170699801287274,0.06479623048589733,0.0021216095741123375,8.0,0.0,0.0,2026-01-12
CVS,2026-01-19/2026-01-25,83.01000213623047,0.06479623048589733,-0.10227689765904158,-0.021170699801287274,0.0,0.0,0.0,2026-01-19
CVS,2026-01-26/2026-02-01,74.5199966430664,-0.10227689765904158,0.05139562538360698,0.06479623048589733,5.0,0.0,0.0,2026-01-26
CVS,2026-02-02/2026-02-08,78.3499984741211,0.05139562538360698,0.0016592837950779593,-0.10227689765904158,1.0,0.0,0.0,2026-02-02
CVS,2026-02-09/2026-02-15,78.4800033569336,0.0016592837950779593,-0.022808369507660076,0.05139562538360698,4.0,0.0,0.0,2026-02-09
CVS,2026-02-16/2026-02-22,76.69000244140625,-0.022808369507660076,0.04185681291280696,0.0016592837950779593,4.0,0.0,0.0,2026-02-16
CVS,2026-02-23/2026-03-01,79.9000015258789,0.04185681291280696,-0.024781017761211,-0.022808369507660076,1.0,0.0,0.0,2026-02-23
CVS,2026-03-02/2026-03-08,77.91999816894531,-0.024781017761211,-0.02297229155019076,0.04185681291280696,3.0,0.0,0.0,2026-03-02
GILD,2025-12-01/2025-12-07,119.7445831298828,-0.03671327383746403,-0.00676456859763519,-0.006317159692005636,0.0,0.0,0.0,2025-12-01
GILD,2025-12-08/2025-12-14,118.93456268310548,-0.00676456859763519,0.03912716352200074,-0.03671327383746403,0.0,0.0,0.0,2025-12-08
GILD,2025-12-15/2025-12-21,123.588134765625,0.03912716352200074,0.0032987335470757717,-0.00676456859763519,0.0,0.0,0.0,2025-12-15
GILD,2025-12-22/2025-12-28,123.99581909179688,0.0032987335470757717,-0.024859682089638402,0.03912716352200074,0.0,0.0,0.0,2025-12-22
GILD,2025-12-29/2026-01-04,120.91332244873048,-0.024859682089638402,-0.004111847346137121,0.0032987335470757717,0.0,0.0,0.0,2025-12-29
GILD,2026-01-05/2026-01-11,120.41614532470705,-0.004111847346137121,0.03146164731643197,-0.024859682089638402,0.0,0.0,0.0,2026-01-05
GILD,2026-01-12/2026-01-18,124.2046356201172,0.03146164731643197,0.08822346780509527,-0.004111847346137121,0.0,0.0,0.0,2026-01-12
GILD,2026-01-19/2026-01-25,135.1623992919922,0.08822346780509527,0.04428752169083716,0.03146164731643197,0.0,0.0,0.0,2026-01-19
GILD,2026-01-26/2026-02-01,141.14840698242188,0.04428752169083716,0.0743218978147957,0.08822346780509527,0.0,0.0,0.0,2026-01-26
GILD,2026-02-02/2026-02-08,151.63882446289062,0.0743218978147957,0.016262348555545758,0.04428752169083716,0.0,0.0,0.0,2026-02-02
GILD,2026-02-09/2026-02-15,154.10482788085938,0.016262348555545758,-0.023099756084858036,0.0743218978147957,0.0,0.0,0.0,2026-02-09
GILD,2026-02-16/2026-02-22,150.5450439453125,-0.023099756084858036,-0.01618234929232565,0.016262348555545758,0.0,0.0,0.0,2026-02-16
GILD,2026-02-23/2026-03-01,148.10887145996094,-0.01618234929232565,-0.03370259588894531,-0.023099756084858036,0.0,0.0,0.0,2026-02-23
GILD,2026-03-02/2026-03-08,143.11721801757812,-0.03370259588894531,0.013085689489547692,-0.01618234929232565,0.0,0.0,0.0,2026-03-02
JNJ,2025-12-01/2025-12-07,200.8621826171875,-0.02411564978871672,0.0477889050072835,0.021254417498860034,0.0,0.0,0.0,2025-12-01
JNJ,2025-12-08/2025-12-14,210.4611663818359,0.0477889050072835,-0.024624254582994554,-0.02411564978871672,0.0,0.0,0.0,2025-12-08
JNJ,2025-12-15/2025-12-21,205.2787170410156,-0.024624254582994554,0.0061055607364999265,0.0477889050072835,0.0,0.0,0.0,2025-12-15
JNJ,2025-12-22/2025-12-28,206.5320587158203,0.0061055607364999265,-0.0013485493656025804,-0.024624254582994554,0.0,0.0,0.0,2025-12-22
JNJ,2025-12-29/2026-01-04,206.2535400390625,-0.0013485493656025804,-0.01427539714339654,0.0061055607364999265,0.0,0.0,0.0,2025-12-29
JNJ,2026-01-05/2026-01-11,203.30918884277344,-0.01427539714339654,0.06981747545476158,-0.0013485493656025804,0.0,0.0,0.0,2026-01-05
JNJ,2026-01-12/2026-01-18,217.50372314453125,0.06981747545476158,0.006768472499993683,-0.01427539714339654,0.0,0.0,0.0,2026-01-12
JNJ,2026-01-19/2026-01-25,218.97589111328125,0.006768472499993683,0.032297632940983645,0.06981747545476158,0.0,0.0,0.0,2026-01-19
JNJ,2026-01-26/2026-02-01,226.0482940673828,0.032297632940983645,0.056061639357806836,0.006768472499993683,0.0,0.0,0.0,2026-01-26
JNJ,2026-02-02/2026-02-08,238.7209320068359,0.056061639357806836,0.014417236637186415,0.032297632940983645,0.0,0.0,0.0,2026-02-02
JNJ,2026-02-09/2026-02-15,242.16262817382812,0.014417236637186415,-0.0039432603020597146,0.056061639357806836,0.0,0.0,0.0,2026-02-09
JNJ,2026-02-16/2026-02-22,241.2077178955078,-0.0039432603020597146,0.029942138018163034,0.014417236637186415,0.0,0.0,0.0,2026-02-16
JNJ,2026-02-23/2026-03-01,248.42999267578125,0.029942138018163034,-0.032322984406220834,-0.0039432603020597146,22.0,0.0,0.0,2026-02-23
JNJ,2026-03-02/2026-03-08,240.3999938964844,-0.032322984406220834,0.004658945109869084,0.029942138018163034,120.0,0.0,0.0,2026-03-02
LLY,2025-12-01/2025-12-07,1008.6265869140624,-0.06058743208228701,0.01702452318978298,0.01488161962532697,0.0,0.0,0.0,2025-12-01
LLY,2025-12-08/2025-12-14,1025.7979736328125,0.01702452318978298,0.04275372985755532,-0.06058743208228701,0.0,0.0,0.0,2025-12-08
LLY,2025-12-15/2025-12-21,1069.6546630859375,0.04275372985755532,0.005889340517341246,0.01702452318978298,0.0,0.0,0.0,2025-12-15
LLY,2025-12-22/2025-12-28,1075.9542236328125,0.005889340517341246,0.0024216558317091685,0.04275372985755532,0.0,0.0,0.0,2025-12-22
LLY,2025-12-29/2026-01-04,1078.559814453125,0.0024216558317091685,-0.015550227591634824,0.005889340517341246,0.0,0.0,0.0,2025-12-29
LLY,2026-01-05/2026-01-11,1061.7879638671875,-0.015550227591634824,-0.023656478428156213,0.0024216558317091685,0.0,0.0,0.0,2026-01-05
LLY,2026-01-12/2026-01-18,1036.6697998046875,-0.023656478428156213,0.024932648595526352,-0.015550227591634824,0.0,0.0,0.0,2026-01-12
LLY,2026-01-19/2026-01-25,1062.5167236328125,0.024932648595526352,-0.025500632630207964,-0.023656478428156213,0.0,0.0,0.0,2026-01-19
LLY,2026-01-26/2026-02-01,1035.421875,-0.025500632630207964,0.02027675445546051,0.024932648595526352,0.0,0.0,0.0,2026-01-26
LLY,2026-02-02/2026-02-08,1056.4168701171875,0.02027675445546051,-0.015540143840533704,-0.025500632630207964,0.0,0.0,0.0,2026-02-02
LLY,2026-02-09/2026-02-15,1040.0,-0.015540143840533704,-0.029307673527644185,0.02027675445546051,0.0,0.0,0.0,2026-02-09
LLY,2026-02-16/2026-02-22,1009.52001953125,-0.029307673527644185,0.04206946854094595,-0.015540143840533704,0.0,0.0,0.0,2026-02-16
LLY,2026-02-23/2026-03-01,1051.989990234375,0.04206946854094595,-0.058612699471402685,-0.029307673527644185,0.0,0.0,0.0,2026-02-23
LLY,2026-03-02/2026-03-08,990.3300170898438,-0.058612699471402685,-0.005301263123809519,0.04206946854094595,75.0,0.0,0.0,2026-03-02
MDT,2025-12-01/2025-12-07,100.62014770507812,-0.03769109208129384,-0.014700021624926674,0.04081034868368816,0.0,0.0,0.0,2025-12-01
MDT,2025-12-08/2025-12-14,99.14102935791016,-0.014700021624926674,-0.01241622201446091,-0.03769109208129384,0.0,0.0,0.0,2025-12-08
MDT,2025-12-15/2025-12-21,97.91007232666016,-0.01241622201446091,-0.014197473769154256,-0.014700021624926674,0.0,0.0,0.0,2025-12-15
MDT,2025-12-22/2025-12-28,96.5199966430664,-0.014197473769154256,-0.00486939087914251,-0.01241622201446091,0.0,0.0,0.0,2025-12-22
MDT,2025-12-29/2026-01-04,96.0500030517578,-0.00486939087914251,0.015408596361434324,-0.014197473769154256,0.0,0.0,0.0,2025-12-29
MDT,2026-01-05/2026-01-11,97.52999877929688,0.015408596361434324,-0.007894972343933215,-0.00486939087914251,0.0,0.0,0.0,2026-01-05
MDT,2026-01-12/2026-01-18,96.76000213623048,-0.007894972343933215,0.04257952693497091,0.015408596361434324,0.0,0.0,0.0,2026-01-12
MDT,2026-01-19/2026-01-25,100.87999725341795,0.04257952693497091,0.020618575413216877,-0.007894972343933215,1.0,0.0,0.0,2026-01-19
MDT,2026-01-26/2026-02-01,102.95999908447266,0.020618575413216877,-0.000582726875750339,0.04257952693497091,27.0,0.0,0.0,2026-01-26
MDT,2026-02-02/2026-02-08,102.9000015258789,-0.000582726875750339,-0.033139004971266095,0.020618575413216877,25.0,0.0,0.0,2026-02-02
MDT,2026-02-09/2026-02-15,99.48999786376952,-0.033139004971266095,-0.02643479053059361,-0.000582726875750339,41.0,0.0,0.0,2026-02-09
MDT,2026-02-16/2026-02-22,96.86000061035156,-0.02643479053059361,0.008259374837050304,-0.033139004971266095,46.0,0.0,0.0,2026-02-16
MDT,2026-02-23/2026-03-01,97.66000366210938,0.008259374837050304,-0.06921976124042728,-0.02643479053059361,24.0,0.0,0.0,2026-02-23
MDT,2026-03-02/2026-03-08,90.9000015258789,-0.06921976124042728,-0.041364159220173446,0.008259374837050304,34.0,0.0,0.0,2026-03-02
MRK,2025-12-01/2025-12-07,98.87491607666016,-0.04874559916499277,0.0058163235307393535,0.07231998025345732,0.0,0.0,0.0,2025-12-01
MRK,2025-12-08/2025-12-14,99.45000457763672,0.0058163235307393535,0.01649061523143147,-0.04874559916499277,0.0,0.0,0.0,2025-12-08
MRK,2025-12-15/2025-12-21,101.08999633789062,0.01649061523143147,0.05628650358624565,0.0058163235307393535,0.0,0.0,0.0,2025-12-15
MRK,2025-12-22/2025-12-28,106.77999877929688,0.05628650358624565,-0.0030904835627199034,0.01649061523143147,0.0,0.0,0.0,2025-12-22
MRK,2025-12-29/2026-01-04,106.4499969482422,-0.0030904835627199034,0.038327871752203535,0.05628650358624565,0.0,0.0,0.0,2025-12-29
MRK,2026-01-05/2026-01-11,110.52999877929688,0.038327871752203535,-0.015380412259270004,-0.0030904835627199034,0.0,0.0,0.0,2026-01-05
MRK,2026-01-12/2026-01-18,108.83000183105467,-0.015380412259270004,-0.005972631764611602,0.038327871752203535,0.0,0.0,0.0,2026-01-12
MRK,2026-01-19/2026-01-25,108.18000030517578,-0.005972631764611602,0.019319618524632487,-0.015380412259270004,0.0,0.0,0.0,2026-01-19
MRK,2026-01-26/2026-02-01,110.2699966430664,0.019319618524632487,0.10574049167564326,-0.005972631764611602,0.0,0.0,0.0,2026-01-26
MRK,2026-02-02/2026-02-08,121.93000030517578,0.10574049167564326,-0.004264714522799307,0.019319618524632487,0.0,0.0,0.0,2026-02-02
MRK,2026-02-09/2026-02-15,121.41000366210938,-0.004264714522799307,0.007001057972839675,0.10574049167564326,0.0,0.0,0.0,2026-02-09
MRK,2026-02-16/2026-02-22,122.26000213623048,0.007001057972839675,0.012759672266776878,-0.004264714522799307,11.0,0.0,0.0,2026-02-16
MRK,2026-02-23/2026-03-01,123.81999969482422,0.012759672266776878,-0.06485219511458729,0.007001057972839675,67.0,0.0,0.0,2026-02-23
MRK,2026-03-02/2026-03-08,115.79000091552734,-0.06485219511458729,-0.0015545410117674408,0.012759672266776878,65.0,0.0,0.0,2026-03-02
MRNA,2025-12-01/2025-12-07,27.700000762939453,0.0662048210550148,0.06353784379269589,0.09527825861316286,0.0,0.0,0.0,2025-12-01
MRNA,2025-12-08/2025-12-14,29.459999084472656,0.06353784379269589,0.14731840758526538,0.0662048210550148,0.0,0.0,0.0,2025-12-08
MRNA,2025-12-15/2025-12-21,33.79999923706055,0.14731840758526538,-0.07692303351505059,0.06353784379269589,0.0,0.0,0.0,2025-12-15
MRNA,2025-12-22/2025-12-28,31.200000762939453,-0.07692303351505059,-0.010897440521596358,0.14731840758526538,0.0,0.0,0.0,2025-12-22
MRNA,2025-12-29/2026-01-04,30.86000061035156,-0.010897440521596358,0.11147111337240512,-0.07692303351505059,0.0,0.0,0.0,2025-12-29
MRNA,2026-01-05/2026-01-11,34.29999923706055,0.11147111337240512,0.21953360820655954,-0.010897440521596358,0.0,0.0,0.0,2026-01-05
MRNA,2026-01-12/2026-01-18,41.83000183105469,0.21953360820655954,0.1644751841323191,0.11147111337240512,0.0,0.0,0.0,2026-01-12
MRNA,2026-01-19/2026-01-25,48.709999084472656,0.1644751841323191,-0.09525763656044772,0.21953360820655954,0.0,0.0,0.0,2026-01-19
MRNA,2026-01-26/2026-02-01,44.06999969482422,-0.09525763656044772,-0.0694350214313797,0.1644751841323191,0.0,0.0,0.0,2026-01-26
MRNA,2026-02-02/2026-02-08,41.0099983215332,-0.0694350214313797,0.029748872729471243,-0.09525763656044772,0.0,0.0,0.0,2026-02-02
MRNA,2026-02-09/2026-02-15,42.22999954223633,0.029748872729471243,0.18091402965816505,-0.0694350214313797,0.0,0.0,0.0,2026-02-09
MRNA,2026-02-16/2026-02-22,49.869998931884766,0.18091402965816505,0.074192918431643,0.029748872729471243,17.0,0.0,0.0,2026-02-16
MRNA,2026-02-23/2026-03-01,53.56999969482422,0.074192918431643,-0.019600508550348117,0.18091402965816505,63.0,0.0,0.0,2026-02-23
MRNA,2026-03-02/2026-03-08,52.52000045776367,-0.019600508550348117,0.0007616320483376793,0.074192918431643,129.0,0.0,0.0,2026-03-02
PFE,2025-12-01/2025-12-07,25.601154327392575,0.01126654214671019,-0.006915093584758059,0.027955254244849126,0.0,0.0,0.0,2025-12-01
PFE,2025-12-08/2025-12-14,25.42411994934082,-0.006915093584758059,-0.025531898612414894,0.01126654214671019,0.0,0.0,0.0,2025-12-08
PFE,2025-12-15/2025-12-21,24.774993896484375,-0.025531898612414894,-0.003969903686376397,-0.006915093584758059,0.0,0.0,0.0,2025-12-15
PFE,2025-12-22/2025-12-28,24.67663955688477,-0.003969903686376397,0.003587123056044028,-0.025531898612414894,0.0,0.0,0.0,2025-12-22
PFE,2025-12-29/2026-01-04,24.76515769958496,0.003587123056044028,0.011914210292223393,-0.003969903686376397,0.0,0.0,0.0,2025-12-29
PFE,2026-01-05/2026-01-11,25.06021499633789,0.011914210292223393,0.006671857411310045,0.003587123056044028,0.0,0.0,0.0,2026-01-05
PFE,2026-01-12/2026-01-18,25.22741317749023,0.006671857411310045,0.016751080979523714,0.011914210292223393,0.0,0.0,0.0,2026-01-12
PFE,2026-01-19/2026-01-25,25.649999618530273,0.016751080979523714,0.030799256424028476,0.006671857411310045,0.0,0.0,0.0,2026-01-19
PFE,2026-01-26/2026-02-01,26.440000534057617,0.030799256424028476,0.029500709664969538,0.016751080979523714,0.0,0.0,0.0,2026-01-26
PFE,2026-02-02/2026-02-08,27.219999313354492,0.029500709664969538,0.013225592190773572,0.030799256424028476,0.0,0.0,0.0,2026-02-02
PFE,2026-02-09/2026-02-15,27.579999923706055,0.013225592190773572,-0.03372009817797028,0.029500709664969538,0.0,0.0,0.0,2026-02-09
PFE,2026-02-16/2026-02-22,26.649999618530273,-0.03372009817797028,0.03752345269471147,0.013225592190773572,0.0,0.0,0.0,2026-02-16
PFE,2026-02-23/2026-03-01,27.649999618530273,0.03752345269471147,-0.021699833263926105,-0.03372009817797028,5.0,0.0,0.0,2026-02-23
PFE,2026-03-02/2026-03-08,27.049999237060547,-0.021699833263926105,-0.01737520615936128,0.03752345269471147,85.0,0.0,0.0,2026-03-02
REGN,2025-12-01/2025-12-07,717.4968872070312,-0.07924995741064556,0.03191995147109816,0.03213386229963877,0.0,0.0,0.0,2025-12-01
REGN,2025-12-08/2025-12-14,740.3993530273438,0.03191995147109816,0.03597788190841045,-0.07924995741064556,0.0,0.0,0.0,2025-12-08
REGN,2025-12-15/2025-12-21,767.037353515625,0.03597788190841045,0.022149510548939544,0.03191995147109816,0.0,0.0,0.0,2025-12-15
REGN,2025-12-22/2025-12-28,784.02685546875,0.022149510548939544,-0.011032193696529857,0.03597788190841045,47.0,0.0,0.0,2025-12-22
REGN,2025-12-29/2026-01-04,775.3773193359375,-0.011032193696529857,0.026071999661203327,0.022149510548939544,8.0,0.0,0.0,2025-12-29
REGN,2026-01-05/2026-01-11,795.5929565429688,0.026071999661203327,-0.07973136928706148,-0.011032193696529857,18.0,0.0,0.0,2026-01-05
REGN,2026-01-12/2026-01-18,732.1592407226562,-0.07973136928706148,0.027979449630980202,0.026071999661203327,19.0,0.0,0.0,2026-01-12
REGN,2026-01-19/2026-01-25,752.6446533203125,0.027979449630980202,-0.01605731093077556,-0.07973136928706148,23.0,0.0,0.0,2026-01-19
REGN,2026-01-26/2026-02-01,740.5592041015625,-0.01605731093077556,0.05942412144011344,0.027979449630980202,18.0,0.0,0.0,2026-01-26
REGN,2026-02-02/2026-02-08,784.5662841796875,0.05942412144011344,0.02248214493259626,-0.01605731093077556,14.0,0.0,0.0,2026-02-02
REGN,2026-02-09/2026-02-15,802.2050170898438,0.02248214493259626,-0.02809136529890799,0.05942412144011344,12.0,0.0,0.0,2026-02-09
REGN,2026-02-16/2026-02-22,779.6699829101562,-0.02809136529890799,0.0025651878921064686,0.02248214493259626,13.0,0.0,0.0,2026-02-16
REGN,2026-02-23/2026-03-01,781.6699829101562,0.0025651878921064686,-0.0279017974790271,-0.02809136529890799,20.0,0.0,0.0,2026-02-23
REGN,2026-03-02/2026-03-08,759.8599853515625,-0.0279017974790271,-0.018542844855547358,0.0025651878921064686,13.0,0.0,0.0,2026-03-02
SYK,2025-12-01/2025-12-07,363.1153869628906,-0.01928984559864777,-0.027278667637652076,0.007901818012951756,0.0,0.0,0.0,2025-12-01
SYK,2025-12-08/2025-12-14,353.2100830078125,-0.027278667637652076,0.0031347881127923305,-0.01928984559864777,0.0,0.0,0.0,2025-12-08
SYK,2025-12-15/2025-12-21,354.31732177734375,0.0031347881127923305,-0.002759022830649105,-0.027278667637652076,0.0,0.0,0.0,2025-12-15
SYK,2025-12-22/2025-12-28,353.3397521972656,-0.002759022830649105,-0.014602827701661325,0.0031347881127923305,0.0,0.0,0.0,2025-12-22
SYK,2025-12-29/2026-01-04,348.17999267578125,-0.014602827701661325,0.055603470263635435,-0.002759022830649105,0.0,0.0,0.0,2025-12-29
SYK,2026-01-05/2026-01-11,367.5400085449219,0.055603470263635435,-0.010230205360528655,-0.014602827701661325,0.0,0.0,0.0,2026-01-05
SYK,2026-01-12/2026-01-18,363.7799987792969,-0.010230205360528655,-0.02402548315933528,0.055603470263635435,0.0,0.0,0.0,2026-01-12
SYK,2026-01-19/2026-01-25,355.0400085449219,-0.02402548315933528,0.040896768432323594,-0.010230205360528655,0.0,0.0,0.0,2026-01-19
SYK,2026-01-26/2026-02-01,369.55999755859375,0.040896768432323594,-0.030495695118855526,-0.02402548315933528,0.0,0.0,0.0,2026-01-26
SYK,2026-02-02/2026-02-08,358.2900085449219,-0.030495695118855526,0.02165837467687548,0.040896768432323594,0.0,0.0,0.0,2026-02-02
SYK,2026-02-09/2026-02-15,366.0499877929687,0.02165837467687548,0.03873794199217229,-0.030495695118855526,0.0,0.0,0.0,2026-02-09
SYK,2026-02-16/2026-02-22,380.2300109863281,0.03873794199217229,0.019014754911100384,0.02165837467687548,0.0,0.0,0.0,2026-02-16
SYK,2026-02-23/2026-03-01,387.4599914550781,0.019014754911100384,-0.059102860686299774,0.03873794199217229,5.0,0.0,0.0,2026-02-23
SYK,2026-03-02/2026-03-08,364.55999755859375,-0.059102860686299774,-0.07622890259772763,0.019014754911100384,31.0,0.0,0.0,2026-03-02
UNH,2025-12-01/2025-12-07,326.1642761230469,0.0034569747940345064,0.03997576290839855,0.030627773561550775,0.0,0.0,0.0,2025-12-01
UNH,2025-12-08/2025-12-14,339.20294189453125,0.03997576290839855,-0.04218343820360981,0.0034569747940345064,0.0,0.0,0.0,2025-12-08
UNH,2025-12-15/2025-12-21,324.8941955566406,-0.04218343820360981,0.013468834176691091,0.03997576290839855,0.0,0.0,0.0,2025-12-15
UNH,2025-12-22/2025-12-28,329.2701416015625,0.013468834176691091,0.013772155286924548,-0.04218343820360981,0.0,0.0,0.0,2025-12-22
UNH,2025-12-29/2026-01-04,333.8049011230469,0.013772155286924548,0.02253275906031016,0.013468834176691091,0.0,0.0,0.0,2025-12-29
UNH,2026-01-05/2026-01-11,341.3264465332031,0.02253275906031016,-0.037676677319721796,0.013772155286924548,0.0,0.0,0.0,2026-01-05
UNH,2026-01-12/2026-01-18,328.4664001464844,-0.037676677319721796,0.07624916300348583,0.02253275906031016,0.0,0.0,0.0,2026-01-12
UNH,2026-01-19/2026-01-25,353.5116882324219,0.07624916300348583,-0.1946050676841964,-0.037676677319721796,0.0,0.0,0.0,2026-01-19
UNH,2026-01-26/2026-02-01,284.7165222167969,-0.1946050676841964,-0.03582750840846083,0.07624916300348583,0.0,0.0,0.0,2026-01-26
UNH,2026-02-02/2026-02-08,274.5158386230469,-0.03582750840846083,0.05978665608340328,-0.1946050676841964,14.0,0.0,0.0,2026-02-02
UNH,2026-02-09/2026-02-15,290.92822265625,0.05978665608340328,-0.010880260178812051,-0.03582750840846083,38.0,0.0,0.0,2026-02-09
UNH,2026-02-16/2026-02-22,287.7628479003906,-0.010880260178812051,0.011275781429872733,0.05978665608340328,41.0,0.0,0.0,2026-02-16
UNH,2026-02-23/2026-03-01,291.0075988769531,0.011275781429872733,-0.023152589044769134,-0.010880260178812051,63.0,0.0,0.0,2026-02-23
UNH,2026-03-02/2026-03-08,284.27001953125,-0.023152589044769134,-0.007668846672449492,0.011275781429872733,32.0,0.0,0.0,2026-03-02
VRTX,2025-12-01/2025-12-07,455.4800109863281,0.0504370894896109,-0.007552477295232007,0.01605111872993792,0.0,0.0,0.0,2025-12-01
VRTX,2025-12-08/2025-12-14,452.0400085449219,-0.007552477295232007,0.009202733349864545,0.0504370894896109,0.0,0.0,0.0,2025-12-08
VRTX,2025-12-15/2025-12-21,456.2000122070313,0.009202733349864545,0.014686500460706853,-0.007552477295232007,0.0,0.0,0.0,2025-12-15
VRTX,2025-12-22/2025-12-28,462.8999938964844,0.014686500460706853,-0.023266340798613894,0.009202733349864545,0.0,0.0,0.0,2025-12-22
VRTX,2025-12-29/2026-01-04,452.1300048828125,-0.023266340798613894,0.025943822223854163,0.014686500460706853,0.0,0.0,0.0,2025-12-29
VRTX,2026-01-05/2026-01-11,463.8599853515625,0.025943822223854163,-0.04850601627762119,-0.023266340798613894,0.0,0.0,0.0,2026-01-05
VRTX,2026-01-12/2026-01-18,441.3599853515625,-0.04850601627762119,0.06128788111364547,0.025943822223854163,0.0,0.0,0.0,2026-01-12
VRTX,2026-01-19/2026-01-25,468.4100036621094,0.06128788111364547,0.0031809530597681768,-0.04850601627762119,0.0,0.0,0.0,2026-01-19
VRTX,2026-01-26/2026-02-01,469.8999938964844,0.0031809530597681768,0.017067502948333146,0.06128788111364547,0.0,0.0,0.0,2026-01-26
VRTX,2026-02-02/2026-02-08,477.9200134277344,0.017067502948333146,0.02835199910500852,0.0031809530597681768,0.0,0.0,0.0,2026-02-02
VRTX,2026-02-09/2026-02-15,491.4700012207031,0.02835199910500852,-0.029645771436771495,0.017067502948333146,10.0,0.0,0.0,2026-02-09
VRTX,2026-02-16/2026-02-22,476.8999938964844,-0.029645771436771495,0.041790716986478404,0.02835199910500852,36.0,0.0,0.0,2026-02-16
VRTX,2026-02-23/2026-03-01,496.8299865722656,0.041790716986478404,-0.08079219293463658,-0.029645771436771495,62.0,0.0,0.0,2026-02-23
VRTX,2026-03-02/2026-03-08,456.69000244140625,-0.08079219293463658,0.02769930112080221,0.041790716986478404,53.0,0.0,0.0,2026-03-02
